DROP DATABASE IF EXISTS totesys_test_subset;
CREATE DATABASE totesys_test_subset;

\c totesys_test_subset

SET session_replication_role = replica;

CREATE TABLE "sales_order" (
  "sales_order_id" INT GENERATED BY DEFAULT AS IDENTITY PRIMARY KEY NOT NULL,
  "created_at" timestamp NOT NULL DEFAULT (current_timestamp),
  "last_updated" timestamp NOT NULL DEFAULT (current_timestamp),
  "design_id" int NOT NULL,
  "staff_id" int NOT NULL,
  "counterparty_id" int NOT NULL,
  "units_sold" int NOT NULL,
  "unit_price" numeric NOT NULL,
  "currency_id" int NOT NULL,
  "agreed_delivery_date" varchar NOT NULL,
  "agreed_payment_date" varchar NOT NULL,
  "agreed_delivery_location_id" int NOT NULL
);

CREATE TABLE "design" (
  "design_id" INT GENERATED BY DEFAULT AS IDENTITY PRIMARY KEY NOT NULL,
  "created_at" timestamp NOT NULL DEFAULT (current_timestamp),
  "last_updated" timestamp NOT NULL DEFAULT (current_timestamp),
  "design_name" varchar NOT NULL,
  "file_location" varchar NOT NULL,
  "file_name" varchar NOT NULL
);

CREATE TABLE "currency" (
  "currency_id" INT GENERATED BY DEFAULT AS IDENTITY PRIMARY KEY NOT NULL,
  "currency_code" varchar(3) NOT NULL,
  "created_at" timestamp NOT NULL DEFAULT (current_timestamp),
  "last_updated" timestamp NOT NULL DEFAULT (current_timestamp)
);

CREATE TABLE "staff" (
  "staff_id" INT GENERATED BY DEFAULT AS IDENTITY PRIMARY KEY NOT NULL,
  "first_name" varchar NOT NULL,
  "last_name" varchar NOT NULL,
  "department_id" int NOT NULL,
  "email_address" varchar NOT NULL,
  "created_at" timestamp NOT NULL DEFAULT (current_timestamp),
  "last_updated" timestamp NOT NULL DEFAULT (current_timestamp)
);

CREATE TABLE "counterparty" (
  "counterparty_id" INT GENERATED BY DEFAULT AS IDENTITY PRIMARY KEY NOT NULL,
  "counterparty_legal_name" varchar NOT NULL,
  "legal_address_id" int NOT NULL,
  "commercial_contact" varchar,
  "delivery_contact" varchar,
  "created_at" timestamp NOT NULL DEFAULT (current_timestamp),
  "last_updated" timestamp NOT NULL DEFAULT (current_timestamp)
);

CREATE TABLE "address" (
  "address_id" INT GENERATED BY DEFAULT AS IDENTITY PRIMARY KEY NOT NULL,
  "address_line_1" varchar NOT NULL,
  "address_line_2" varchar,
  "district" varchar,
  "city" varchar NOT NULL,
  "postal_code" varchar NOT NULL,
  "country" varchar NOT NULL,
  "phone" varchar NOT NULL,
  "created_at" timestamp NOT NULL DEFAULT (current_timestamp),
  "last_updated" timestamp NOT NULL DEFAULT (current_timestamp)
);

CREATE TABLE "department" (
  "department_id" INT GENERATED BY DEFAULT AS IDENTITY PRIMARY KEY NOT NULL,
  "department_name" varchar NOT NULL,
  "location" varchar,
  "manager" varchar,
  "created_at" timestamp NOT NULL DEFAULT (current_timestamp),
  "last_updated" timestamp NOT NULL DEFAULT (current_timestamp)
);

CREATE TABLE "purchase_order" (
  "purchase_order_id" INT GENERATED BY DEFAULT AS IDENTITY PRIMARY KEY NOT NULL,
  "created_at" timestamp NOT NULL DEFAULT (current_timestamp),
  "last_updated" timestamp NOT NULL DEFAULT (current_timestamp),
  "staff_id" int NOT NULL,
  "counterparty_id" int NOT NULL,
  "item_code" varchar NOT NULL,
  "item_quantity" int NOT NULL,
  "item_unit_price" numeric NOT NULL,
  "currency_id" int NOT NULL,
  "agreed_delivery_date" varchar NOT NULL,
  "agreed_payment_date" varchar NOT NULL,
  "agreed_delivery_location_id" int NOT NULL
);

CREATE TABLE "payment_type" (
  "payment_type_id" INT GENERATED BY DEFAULT AS IDENTITY PRIMARY KEY NOT NULL,
  "payment_type_name" varchar NOT NULL,
  "created_at" timestamp NOT NULL DEFAULT (current_timestamp),
  "last_updated" timestamp NOT NULL DEFAULT (current_timestamp)
);

CREATE TABLE "payment" (
  "payment_id" INT GENERATED BY DEFAULT AS IDENTITY PRIMARY KEY NOT NULL,
  "created_at" timestamp NOT NULL DEFAULT (current_timestamp),
  "last_updated" timestamp NOT NULL DEFAULT (current_timestamp),
  "transaction_id" int NOT NULL,
  "counterparty_id" int NOT NULL,
  "payment_amount" numeric NOT NULL,
  "currency_id" int NOT NULL,
  "payment_type_id" int NOT NULL,
  "paid" boolean NOT NULL,
  "payment_date" varchar NOT NULL,
  "company_ac_number" int NOT NULL,
  "counterparty_ac_number" int NOT NULL
);

CREATE TABLE "transaction" (
  "transaction_id" INT GENERATED BY DEFAULT AS IDENTITY PRIMARY KEY NOT NULL,
  "transaction_type" varchar NOT NULL,
  "sales_order_id" int,
  "purchase_order_id" int,
  "created_at" timestamp NOT NULL DEFAULT (current_timestamp),
  "last_updated" timestamp NOT NULL DEFAULT (current_timestamp)
);

COMMENT ON COLUMN "sales_order"."units_sold" IS 'value 1000 - 100000';

COMMENT ON COLUMN "sales_order"."unit_price" IS 'value 2.00 - 4.00';

COMMENT ON COLUMN "sales_order"."agreed_delivery_date" IS 'format is yyyy-mm-dd';

COMMENT ON COLUMN "sales_order"."agreed_payment_date" IS 'format is yyyy-mm-dd';

COMMENT ON COLUMN "design"."file_location" IS 'directory location';

COMMENT ON COLUMN "design"."file_name" IS 'file name';

COMMENT ON COLUMN "currency"."currency_code" IS 'three letter code eg GBP';

COMMENT ON COLUMN "staff"."email_address" IS 'must be valid email address';

COMMENT ON COLUMN "counterparty"."commercial_contact" IS 'person name, nullable';

COMMENT ON COLUMN "counterparty"."delivery_contact" IS 'person name, nullable';

COMMENT ON COLUMN "address"."address_line_2" IS 'nullable';

COMMENT ON COLUMN "address"."district" IS 'nullable';

COMMENT ON COLUMN "address"."phone" IS 'valid phone number';

COMMENT ON COLUMN "department"."location" IS 'nullable';

COMMENT ON COLUMN "department"."manager" IS 'nullable';

COMMENT ON COLUMN "purchase_order"."item_quantity" IS 'value between 1 and 1000';

COMMENT ON COLUMN "purchase_order"."item_unit_price" IS 'value 3-1000';

COMMENT ON COLUMN "purchase_order"."agreed_delivery_date" IS 'format is yyyy-mm-dd';

COMMENT ON COLUMN "purchase_order"."agreed_payment_date" IS 'format is yyyy-mm-dd';

COMMENT ON COLUMN "payment_type"."payment_type_name" IS 'one of SALES_RECEIPT SALESREFUND PURCHASE_PAYMENT PURCHASE REFUND';

COMMENT ON COLUMN "payment"."payment_amount" IS 'value 1 - 1000000';

COMMENT ON COLUMN "payment"."payment_date" IS 'format is yyyy-mm-dd';

COMMENT ON COLUMN "payment"."company_ac_number" IS '8 digits';

COMMENT ON COLUMN "payment"."counterparty_ac_number" IS '8 digits';

COMMENT ON COLUMN "transaction"."transaction_type" IS 'one of SALE or PURCHASE';

COMMENT ON COLUMN "transaction"."sales_order_id" IS 'nullable depending on transaction type';

COMMENT ON COLUMN "transaction"."purchase_order_id" IS 'nullable depending on transaction type';

INSERT INTO public.address (address_id,address_line_1,address_line_2,district,city,postal_code,country,phone,created_at,last_updated) VALUES
	 (1,'6826 Herzog Via',NULL,'Avon','New Patienceburgh','28441','Turkey','1803 637401','2022-11-03 14:20:49.962','2022-11-03 14:20:49.962'),
	 (23,'822 Providenci Spring',NULL,'Berkshire','Derekport','25541','Papua New Guinea','4111 801405','2022-11-03 14:20:49.962','2022-11-03 14:20:49.962'),
	 (3,'148 Sincere Fort',NULL,NULL,'Lake Charles','89360','Samoa','0730 783349','2022-11-03 14:20:49.962','2022-11-03 14:20:49.962'),
	 (10,'49967 Kaylah Flat','Tremaine Circles','Bedfordshire','Beaulahcester','89470','Democratic People''s Republic of Korea','4949 998070','2022-11-03 14:20:49.962','2022-11-03 14:20:49.962'),
	 (5,'34177 Upton Track',NULL,NULL,'Fort Shadburgh','55993-8850','Bosnia and Herzegovina','0081 009772','2022-11-03 14:20:49.962','2022-11-03 14:20:49.962'),
	 (13,'80828 Arch Dale','Torphy Turnpike',NULL,'Shanahanview','60728-5019','Bouvet Island (Bouvetoya)','8806 209655','2022-11-03 14:20:49.962','2022-11-03 14:20:49.962'),
	 (7,'75653 Ernestine Ways',NULL,'Buckinghamshire','North Deshaun','02813','Faroe Islands','1373 796260','2022-11-03 14:20:49.962','2022-11-03 14:20:49.962'),
	 (30,'0336 Ruthe Heights',NULL,'Buckinghamshire','Lake Myrlfurt','94545-4284','Falkland Islands (Malvinas)','1083 286132','2022-11-03 14:20:49.962','2022-11-03 14:20:49.962'),
	 (20,'22073 Klein Landing',NULL,NULL,'Pueblo','91445','Republic of Korea','4003 678621','2022-11-03 14:20:49.962','2022-11-03 14:20:49.962');
INSERT INTO public.counterparty (counterparty_id,counterparty_legal_name,legal_address_id,commercial_contact,delivery_contact,created_at,last_updated) VALUES
	 (6,'Mraz LLC',23,'Florence Casper','Eva Upton','2022-11-03 14:20:51.563','2022-11-03 14:20:51.563'),
	 (9,'Price LLC',5,'Sheryl Langworth','Simon Schoen','2022-11-03 14:20:51.563','2022-11-03 14:20:51.563'),
	 (10,'Bosco - Grant',10,'Ed Halvorson','Dewey Kuhic','2022-11-03 14:20:51.563','2022-11-03 14:20:51.563'),
	 (12,'Keeling - Emmerich',7,'Marcus Rogahn','Rosa Powlowski','2022-11-03 14:20:51.563','2022-11-03 14:20:51.563'),
	 (13,'Hand, Krajcik and Kuhlman',5,'Sherry Rice','Elizabeth Senger','2022-11-03 14:20:51.563','2022-11-03 14:20:51.563'),
	 (14,'Hintz, Hayes and Will',30,'Ms. Susan Haley','Andrea Kassulke PhD','2022-11-03 14:20:51.563','2022-11-03 14:20:51.563');
INSERT INTO public.currency (currency_id,currency_code,created_at,last_updated) VALUES
	 (3,'EUR','2022-11-03 14:20:49.962','2022-11-03 14:20:49.962');
INSERT INTO public.department (department_id,department_name,"location",manager,created_at,last_updated) VALUES
	 (4,'Dispatch','Leds','Mark Hanna','2022-11-03 14:20:49.962','2022-11-03 14:20:49.962'),
	 (5,'Finance','Manchester','Jordan Belfort','2022-11-03 14:20:49.962','2022-11-03 14:20:49.962'),
	 (6,'Facilities','Manchester','Shelley Levene','2022-11-03 14:20:49.962','2022-11-03 14:20:49.962');
INSERT INTO public.design (design_id,created_at,last_updated,design_name,file_location,file_name) VALUES
	 (211,'2023-09-20 11:54:09.791','2023-09-20 11:54:09.791','Soft','/bin','soft-20230718-idjt.json'),
	 (297,'2024-01-17 18:54:09.688','2024-01-17 18:54:09.688','Granite','/var/yp','granite-20220702-2ql0.json'),
	 (167,'2023-06-22 14:06:09.605','2023-06-22 14:06:09.605','Frozen','/selinux','frozen-20220929-xo6g.json'),
	 (285,'2024-01-05 16:30:10.276','2024-01-05 16:30:10.276','Frozen','/etc/defaults','frozen-20230815-zije.json'),
	 (267,'2023-12-14 18:10:09.7','2023-12-14 18:10:09.7','Steel','/home/user/dir','steel-20220615-cjs8.json'),
	 (54,'2023-01-16 09:14:09.775','2023-01-16 09:14:09.775','Plastic','/usr/ports','plastic-20221206-bw3l.json'),
	 (198,'2023-09-04 12:40:09.815','2023-09-04 12:40:09.815','Frozen','/Users','frozen-20220507-s5bg.json'),
	 (132,'2023-04-28 10:51:09.741','2023-04-28 10:51:09.741','Wooden','/usr/lib','wooden-20210716-efid.json'),
	 (57,'2023-01-19 10:37:09.965','2023-01-19 10:37:09.965','Cotton','/etc/periodic','cotton-20220527-vn4b.json'),
	 (41,'2022-12-30 10:06:10.081','2022-12-30 10:06:10.081','Granite','/usr/X11R6','granite-20220125-ifwa.json');
INSERT INTO public.design (design_id,created_at,last_updated,design_name,file_location,file_name) VALUES
	 (219,'2023-09-27 11:46:09.723','2023-09-27 11:46:09.723','Bronze','/usr/ports','bronze-20230317-l7kd.json'),
	 (2,'2022-11-03 14:20:49.962','2022-11-03 14:20:49.962','Steel','/etc/periodic','steel-20210725-fcxq.json'),
	 (243,'2023-10-26 15:51:09.992','2023-10-26 15:51:09.992','Concrete','/usr','concrete-20220827-nfpt.json'),
	 (118,'2023-04-14 18:54:09.588','2023-04-14 18:54:09.588','Metal','/usr/src','metal-20221219-gy2p.json'),
	 (113,'2023-04-06 15:46:09.654','2023-04-06 15:46:09.654','Metal','/usr/libexec','metal-20230104-81ah.json'),
	 (226,'2023-10-11 14:51:09.697','2023-10-11 14:51:09.697','Steel','/Library','steel-20230311-iys7.json'),
	 (116,'2023-04-13 09:45:09.529','2023-04-13 09:45:09.529','Rubber','/etc/mail','rubber-20220905-7ug5.json'),
	 (242,'2023-10-26 14:56:09.71','2023-10-26 14:56:09.71','Concrete','/usr/ports','concrete-20230930-rklw.json'),
	 (151,'2023-05-19 18:05:09.823','2023-05-19 18:05:09.823','Metal','/private/var','metal-20220825-4lso.json'),
	 (212,'2023-09-21 09:58:09.928','2023-09-21 09:58:09.928','Plastic','/etc/ppp','plastic-20220815-blc6.json');
INSERT INTO public.design (design_id,created_at,last_updated,design_name,file_location,file_name) VALUES
	 (178,'2023-07-20 09:29:09.957','2023-07-20 09:29:09.957','Granite','/home/user','granite-20230213-jtdo.json'),
	 (144,'2023-05-12 12:37:09.787','2023-05-12 12:37:09.787','Frozen','/Applications','frozen-20220202-xj5a.json'),
	 (281,'2024-01-03 08:10:09.915','2024-01-03 08:10:09.915','Frozen','/opt/lib','frozen-20221115-scdl.json'),
	 (125,'2023-04-21 08:00:12.685','2023-04-21 08:00:12.685','Bronze','/usr/sbin','bronze-20221021-ogju.json'),
	 (261,'2023-12-05 09:15:09.874','2023-12-05 09:15:09.874','Granite','/opt','granite-20220609-92sv.json'),
	 (249,'2023-11-03 14:44:09.668','2023-11-03 14:44:09.668','Soft','/usr/ports','soft-20220325-kyoj.json'),
	 (291,'2024-01-10 16:05:09.8','2024-01-10 16:05:09.8','Plastic','/opt/include','plastic-20221005-a2tj.json'),
	 (284,'2024-01-04 11:11:09.864','2024-01-04 11:11:09.864','Fresh','/lost+found','fresh-20231024-g1ig.json'),
	 (183,'2023-08-03 17:33:09.838','2023-08-03 17:33:09.838','Plastic','/var/yp','plastic-20230222-ogev.json'),
	 (62,'2023-01-23 09:14:09.932','2023-01-23 09:14:09.932','Granite','/etc/ppp','granite-20211004-j4iv.json');
INSERT INTO public.design (design_id,created_at,last_updated,design_name,file_location,file_name) VALUES
	 (181,'2023-07-25 17:12:09.917','2023-07-25 17:12:09.917','Granite','/usr/include','granite-20230402-fm1k.json'),
	 (305,'2024-01-29 12:39:09.912','2024-01-29 12:39:09.912','Plastic','/Applications','plastic-20230331-y8yc.json'),
	 (230,'2023-10-17 13:11:09.724','2023-10-17 13:11:09.724','Steel','/Library','steel-20230526-3oih.json'),
	 (6,'2022-11-03 14:20:49.962','2022-11-03 14:20:49.962','Fresh','/lib','fresh-20220807-6ycu.json'),
	 (170,'2023-06-28 16:34:09.596','2023-06-28 16:34:09.596','Granite','/Applications','granite-20221022-1wfm.json'),
	 (126,'2023-04-21 13:14:09.483','2023-04-21 13:14:09.483','Bronze','/var/yp','bronze-20211208-xkxm.json'),
	 (47,'2023-01-05 12:04:09.96','2023-01-05 12:04:09.96','Steel','/Users','steel-20210910-skxr.json'),
	 (302,'2024-01-24 14:24:10.017','2024-01-24 14:24:10.017','Bronze','/private','bronze-20230409-5hxv.json'),
	 (244,'2023-10-27 15:21:09.901','2023-10-27 15:21:09.901','Steel','/boot/defaults','steel-20211202-nbf0.json'),
	 (65,'2023-02-02 14:30:09.915','2023-02-02 14:30:09.915','Frozen','/private','frozen-20210506-52tz.json');
INSERT INTO public.design (design_id,created_at,last_updated,design_name,file_location,file_name) VALUES
	 (161,'2023-06-08 09:40:09.847','2023-06-08 09:40:09.847','Concrete','/selinux','concrete-20211003-8qf1.json'),
	 (25,'2022-12-05 14:39:10.288','2022-12-05 14:39:10.288','Bronze','/usr/libexec','bronze-20211128-w9ae.json'),
	 (71,'2023-02-09 18:34:09.739','2023-02-09 18:34:09.739','Bronze','/usr','bronze-20211101-nx5c.json'),
	 (120,'2023-04-17 15:22:09.892','2023-04-17 15:22:09.892','Wooden','/media','wooden-20221118-fy74.json'),
	 (206,'2023-09-15 16:43:09.835','2023-09-15 16:43:09.835','Soft','/usr/lib','soft-20221208-eogu.json'),
	 (255,'2023-11-21 15:36:09.905','2023-11-21 15:36:09.905','Steel','/opt/lib','steel-20230429-28vi.json'),
	 (194,'2023-08-22 18:40:09.735','2023-08-22 18:40:09.735','Cotton','/usr/libexec','cotton-20230111-bcst.json'),
	 (164,'2023-06-13 12:25:09.619','2023-06-13 12:25:09.619','Cotton','/etc','cotton-20220728-2rm8.json'),
	 (75,'2023-02-22 12:32:10.146','2023-02-22 12:32:10.146','Frozen','/usr/libexec','frozen-20221126-uhaz.json'),
	 (292,'2024-01-12 17:34:09.664','2024-01-12 17:34:09.664','Fresh','/tmp','fresh-20221004-wp56.json');
INSERT INTO public.design (design_id,created_at,last_updated,design_name,file_location,file_name) VALUES
	 (79,'2023-02-27 16:23:10.294','2023-02-27 16:23:10.294','Cotton','/usr/libdata','cotton-20230204-8wx0.json'),
	 (22,'2022-12-01 10:54:09.825','2022-12-01 10:54:09.825','Fresh','/opt','fresh-20210615-opko.json'),
	 (150,'2023-05-19 14:06:09.721','2023-05-19 14:06:09.721','Rubber','/Network','rubber-20220216-6lqz.json'),
	 (272,'2023-12-21 15:26:10.046','2023-12-21 15:26:10.046','Bronze','/usr/bin','bronze-20220612-rl71.json'),
	 (287,'2024-01-08 12:05:09.859','2024-01-08 12:05:09.859','Granite','/sys','granite-20231221-9ds9.json'),
	 (145,'2023-05-12 17:22:09.986','2023-05-12 17:22:09.986','Fresh','/sbin','fresh-20220908-nejm.json'),
	 (227,'2023-10-13 10:39:09.767','2023-10-13 10:39:09.767','Frozen','/etc/mail','frozen-20220311-zjib.json'),
	 (288,'2024-01-08 17:07:09.924','2024-01-08 17:07:09.924','Plastic','/selinux','plastic-20230415-fcnk.json'),
	 (52,'2023-01-13 11:50:10.154','2023-01-13 11:50:10.154','Bronze','/etc/namedb','bronze-20210909-ghv2.json'),
	 (78,'2023-02-24 13:02:09.791','2023-02-24 13:02:09.791','Fresh','/etc','fresh-20210425-bbsy.json');
INSERT INTO public.design (design_id,created_at,last_updated,design_name,file_location,file_name) VALUES
	 (248,'2023-11-02 18:03:09.92','2023-11-02 18:03:09.92','Fresh','/usr/libdata','fresh-20220421-r599.json'),
	 (196,'2023-08-28 09:06:09.613','2023-08-28 09:06:09.613','Soft','/usr/X11R6','soft-20210907-shxs.json'),
	 (19,'2022-11-29 17:46:09.674','2022-11-29 17:46:09.674','Frozen','/lost+found','frozen-20210815-rl8i.json'),
	 (264,'2023-12-05 15:06:09.665','2023-12-05 15:06:09.665','Wooden','/opt/bin','wooden-20230615-s2u0.json'),
	 (23,'2022-12-01 13:40:09.97','2022-12-01 13:40:09.97','Soft','/var/log','soft-20210907-yf4z.json'),
	 (187,'2023-08-10 08:58:09.624','2023-08-10 08:58:09.624','Bronze','/boot','bronze-20230625-lojh.json'),
	 (72,'2023-02-10 09:41:09.959','2023-02-10 09:41:09.959','Granite','/etc/periodic','granite-20211018-8105.json'),
	 (263,'2023-12-05 13:56:09.772','2023-12-05 13:56:09.772','Wooden','/usr/lib','wooden-20220317-9viu.json'),
	 (1,'2022-11-03 14:20:49.962','2022-11-03 14:20:49.962','Wooden','/lib','wooden-20201128-jdvi.json'),
	 (210,'2023-09-19 10:20:09.782','2023-09-19 10:20:09.782','Cotton','/usr/share','cotton-20211224-2tud.json');
INSERT INTO public.design (design_id,created_at,last_updated,design_name,file_location,file_name) VALUES
	 (140,'2023-05-09 13:50:09.87','2023-05-09 13:50:09.87','Plastic','/opt/lib','plastic-20210708-oxwg.json'),
	 (58,'2023-01-19 15:24:09.841','2023-01-19 15:24:09.841','Soft','/net','soft-20220713-5yjr.json'),
	 (43,'2023-01-02 10:13:09.918','2023-01-02 10:13:09.918','Plastic','/mnt','plastic-20220327-9enf.json'),
	 (257,'2023-11-27 14:08:09.95','2023-11-27 14:08:09.95','Steel','/System','steel-20220705-frap.json'),
	 (142,'2023-05-10 17:28:09.592','2023-05-10 17:28:09.592','Steel','/dev','steel-20220403-f7zn.json'),
	 (154,'2023-05-30 15:54:09.733','2023-05-30 15:54:09.733','Steel','/usr/local/src','steel-20210722-6cs3.json'),
	 (133,'2023-04-28 11:26:09.554','2023-04-28 11:26:09.554','Soft','/root','soft-20230204-9epx.json'),
	 (37,'2022-12-20 09:36:10.121','2022-12-20 09:36:10.121','Frozen','/etc/namedb','frozen-20210909-nxsu.json'),
	 (29,'2022-12-08 10:10:10.455','2022-12-08 10:10:10.455','Bronze','/etc/namedb','bronze-20210307-o8yd.json'),
	 (17,'2022-11-23 09:41:10.369','2022-11-23 09:41:10.369','Soft','/usr/include','soft-20210904-uwsd.json');
INSERT INTO public.design (design_id,created_at,last_updated,design_name,file_location,file_name) VALUES
	 (122,'2023-04-19 10:53:09.808','2023-04-19 10:53:09.808','Bronze','/dev','bronze-20220522-ciu2.json'),
	 (163,'2023-06-12 12:04:09.827','2023-06-12 12:04:09.827','Plastic','/lib','plastic-20220630-m2sx.json'),
	 (87,'2023-03-08 13:41:10.113','2023-03-08 13:41:10.113','Metal','/home/user/dir','metal-20230212-gb94.json'),
	 (131,'2023-04-27 14:41:09.838','2023-04-27 14:41:09.838','Bronze','/usr/obj','bronze-20210822-r8jg.json'),
	 (313,'2024-02-07 13:05:09.537','2024-02-07 13:05:09.537','Plastic','/Users','plastic-20231231-fsdr.json'),
	 (162,'2023-06-09 17:46:09.524','2023-06-09 17:46:09.524','Rubber','/opt','rubber-20221111-2g9s.json'),
	 (93,'2023-03-15 09:59:10.053','2023-03-15 09:59:10.053','Frozen','/opt/lib','frozen-20220223-4zsk.json'),
	 (306,'2024-01-30 08:35:10.03','2024-01-30 08:35:10.03','Bronze','/Library','bronze-20220516-wtp0.json'),
	 (136,'2023-05-03 13:41:09.807','2023-05-03 13:41:09.807','Wooden','/root','wooden-20210803-ftxe.json'),
	 (74,'2023-02-17 08:24:09.624','2023-02-17 08:24:09.624','Steel','/etc/defaults','steel-20210918-u2of.json');
INSERT INTO public.design (design_id,created_at,last_updated,design_name,file_location,file_name) VALUES
	 (97,'2023-03-20 09:46:09.512','2023-03-20 09:46:09.512','Plastic','/usr','plastic-20211226-m4aw.json'),
	 (98,'2023-03-20 12:50:09.742','2023-03-20 12:50:09.742','Concrete','/sys','concrete-20221208-lo7a.json'),
	 (251,'2023-11-08 17:47:09.873','2023-11-08 17:47:09.873','Wooden','/etc','wooden-20230413-ofsb.json'),
	 (146,'2023-05-15 08:50:09.672','2023-05-15 08:50:09.672','Metal','/opt/include','metal-20211003-pqut.json'),
	 (104,'2023-03-27 09:43:09.944','2023-03-27 09:43:09.944','Granite','/opt/lib','granite-20211018-eo1o.json'),
	 (240,'2023-10-26 12:28:09.871','2023-10-26 12:28:09.871','Fresh','/usr/src','fresh-20220126-nv96.json');
INSERT INTO public.payment (payment_id,created_at,last_updated,transaction_id,counterparty_id,payment_amount,currency_id,payment_type_id,paid,payment_date,company_ac_number,counterparty_ac_number) VALUES
	 (60,'2022-11-21 08:50:10.292','2022-11-24 07:55:11.996',60,14,20766.90,3,3,true,'2022-11-24',84646166,33121480),
	 (92,'2022-11-29 10:24:10.405','2022-11-29 10:24:10.405',92,12,163203.30,3,3,false,'2022-12-03',62874882,67834714),
	 (151,'2022-12-09 12:50:09.993','2022-12-13 07:55:12.142',151,6,598114.60,3,3,true,'2022-12-13',21991332,27370982),
	 (203,'2022-12-14 13:16:10.432','2022-12-15 07:55:11.827',203,9,336243.60,3,3,true,'2022-12-15',79802137,11151895),
	 (297,'2022-12-21 11:07:10.047','2022-12-22 07:55:12.237',297,14,182468.16,3,3,true,'2022-12-22',68529024,74221951),
	 (383,'2022-12-27 16:39:09.855','2022-12-27 16:39:09.855',383,13,928778.72,3,3,false,'2022-12-31',43803170,55221532),
	 (525,'2023-01-06 11:43:10.338','2023-01-11 07:55:11.865',525,9,81230.10,3,3,true,'2023-01-11',52651600,85188558),
	 (612,'2023-01-12 11:02:10.37','2023-01-13 07:55:11.914',612,13,6429.60,3,3,true,'2023-01-13',41937860,36419448),
	 (1404,'2023-02-16 16:23:09.979','2023-02-20 07:55:11.678',1404,10,648361.92,3,3,true,'2023-02-20',93609475,59332393),
	 (1461,'2023-02-20 11:52:09.881','2023-02-24 07:55:11.74',1461,13,486896.15,3,3,true,'2023-02-24',45388222,96727990);
INSERT INTO public.payment (payment_id,created_at,last_updated,transaction_id,counterparty_id,payment_amount,currency_id,payment_type_id,paid,payment_date,company_ac_number,counterparty_ac_number) VALUES
	 (1550,'2023-02-23 09:24:09.98','2023-02-24 07:55:11.74',1550,6,329828.72,3,3,true,'2023-02-24',42436155,76889726),
	 (1702,'2023-03-02 17:46:09.713','2023-03-03 07:55:11.773',1702,10,560512.26,3,3,true,'2023-03-03',80415530,16964041),
	 (1890,'2023-03-09 17:45:10.062','2023-03-09 17:45:10.062',1890,9,85077.31,3,3,false,'2023-03-11',31227885,98916516),
	 (2174,'2023-03-22 16:43:10.505','2023-03-27 07:55:11.495',2174,12,131093.07,3,3,true,'2023-03-27',95605035,15783485),
	 (2185,'2023-03-23 09:23:09.825','2023-03-24 07:55:11.616',2185,6,223294.74,3,3,true,'2023-03-24',25667309,81220947),
	 (2435,'2023-04-04 18:39:10.165','2023-04-07 07:55:11.805',2435,10,350750.40,3,3,true,'2023-04-07',29355832,91159827),
	 (3122,'2023-05-04 10:25:10.465','2023-05-09 07:55:11.706',3122,14,37617.87,3,3,true,'2023-05-09',23153674,39428702),
	 (3392,'2023-05-15 15:55:09.771','2023-05-15 15:55:09.771',3392,9,476279.58,3,3,false,'2023-05-21',79165872,50324085),
	 (3468,'2023-05-18 14:09:09.802','2023-05-22 07:55:12.08',3468,13,146808.10,3,3,true,'2023-05-22',54974210,36291405),
	 (3544,'2023-05-23 08:52:10.116','2023-05-25 07:55:11.372',3544,12,39402.24,3,3,true,'2023-05-25',90966265,13486890);
INSERT INTO public.payment (payment_id,created_at,last_updated,transaction_id,counterparty_id,payment_amount,currency_id,payment_type_id,paid,payment_date,company_ac_number,counterparty_ac_number) VALUES
	 (3732,'2023-05-31 14:21:09.725','2023-05-31 14:21:09.725',3732,12,216797.79,3,3,false,'2023-05-31',50189051,54403013),
	 (3910,'2023-06-08 08:09:09.763','2023-06-08 08:09:09.763',3910,9,88776.24,3,3,false,'2023-06-11',12655275,84557415),
	 (4170,'2023-06-20 08:09:09.677','2023-06-20 08:09:09.677',4170,9,528101.49,3,3,false,'2023-06-24',42477033,73671660),
	 (7423,'2023-11-09 14:14:09.898','2023-11-15 07:55:11.836',7423,12,43035.84,3,3,true,'2023-11-15',73600898,22530494),
	 (7186,'2023-10-30 12:33:10.067','2023-11-02 07:55:11.82',7186,9,629393.05,3,3,true,'2023-11-02',79985887,51103367),
	 (5562,'2023-08-21 12:08:09.69','2023-08-22 07:55:11.333',5562,14,66622.28,3,3,true,'2023-08-22',60013653,58739762),
	 (5815,'2023-08-31 12:36:09.92','2023-09-06 07:55:11.795',5815,12,133282.80,3,3,true,'2023-09-06',60221821,92388721),
	 (6520,'2023-09-29 11:21:10.304','2023-10-04 07:55:11.858',6520,10,59148.18,3,3,true,'2023-10-04',18349321,70162923),
	 (6686,'2023-10-06 08:52:09.77','2023-10-06 08:52:09.77',6686,13,16284.37,3,3,false,'2023-10-07',24127524,55407036),
	 (7695,'2023-11-22 15:04:09.816','2023-11-24 07:55:11.683',7695,12,49846.50,3,3,true,'2023-11-24',86429376,33615733);
INSERT INTO public.payment (payment_id,created_at,last_updated,transaction_id,counterparty_id,payment_amount,currency_id,payment_type_id,paid,payment_date,company_ac_number,counterparty_ac_number) VALUES
	 (8335,'2023-12-19 16:32:10.113','2023-12-25 07:55:11.841',8335,10,610283.80,3,3,true,'2023-12-25',98584645,45219119),
	 (8807,'2024-01-08 09:35:10.096','2024-01-10 07:55:11.758',8807,12,171708.46,3,3,true,'2024-01-10',29998415,51703525),
	 (9316,'2024-01-30 15:08:09.733','2024-01-30 15:08:09.733',9316,10,5855.04,3,3,false,'2024-02-04',58672121,62182412);
INSERT INTO public.payment_type (payment_type_id,payment_type_name,created_at,last_updated) VALUES
	 (4,'PURCHASE_REFUND','2022-11-03 14:20:49.962','2022-11-03 14:20:49.962'),
	 (3,'PURCHASE_PAYMENT','2022-11-03 14:20:49.962','2022-11-03 14:20:49.962');
INSERT INTO public.purchase_order (purchase_order_id,created_at,last_updated,staff_id,counterparty_id,item_code,item_quantity,item_unit_price,currency_id,agreed_delivery_date,agreed_payment_date,agreed_delivery_location_id) VALUES
	 (35,'2022-11-21 08:50:10.292','2022-11-21 08:50:10.292',13,14,'MASCUUC',682,30.45,3,'2022-11-21','2022-11-24',23),
	 (56,'2022-11-29 10:24:10.405','2022-11-29 10:24:10.405',3,12,'C0X781W',333,490.10,3,'2022-12-03','2022-12-03',23),
	 (87,'2022-12-09 12:50:09.993','2022-12-09 12:50:09.993',16,6,'AEFRPKS',830,720.62,3,'2022-12-11','2022-12-13',3),
	 (112,'2022-12-14 13:16:10.432','2022-12-14 13:16:10.432',13,9,'MVZS73K',770,436.68,3,'2022-12-15','2022-12-15',20),
	 (149,'2022-12-21 11:07:10.047','2022-12-21 11:07:10.047',12,14,'ZCAFMI7',336,543.06,3,'2022-12-22','2022-12-22',13),
	 (188,'2022-12-27 16:39:09.855','2022-12-27 16:39:09.855',2,13,'UUF3IAF',998,930.64,3,'2022-12-30','2022-12-31',30),
	 (249,'2023-01-06 11:43:10.338','2023-01-06 11:43:10.338',2,9,'1FYWX44',94,864.15,3,'2023-01-11','2023-01-11',30),
	 (286,'2023-01-12 11:02:10.37','2023-01-12 11:02:10.37',11,13,'T6ZYMG3',94,68.40,3,'2023-01-14','2023-01-13',10),
	 (519,'2023-02-16 16:23:09.979','2023-02-16 16:23:09.979',16,10,'P5MCJ23',862,752.16,3,'2023-02-21','2023-02-20',5),
	 (534,'2023-02-20 11:52:09.881','2023-02-20 11:52:09.881',2,13,'O09TBA1',695,700.57,3,'2023-02-27','2023-02-24',3);
INSERT INTO public.purchase_order (purchase_order_id,created_at,last_updated,staff_id,counterparty_id,item_code,item_quantity,item_unit_price,currency_id,agreed_delivery_date,agreed_payment_date,agreed_delivery_location_id) VALUES
	 (564,'2023-02-23 09:24:09.98','2023-02-23 09:24:09.98',12,6,'5UKS4WS',664,496.73,3,'2023-02-26','2023-02-24',23),
	 (608,'2023-03-02 17:46:09.713','2023-03-02 17:46:09.713',13,10,'ZQALYXI',666,841.61,3,'2023-03-09','2023-03-03',1),
	 (667,'2023-03-09 17:45:10.062','2023-03-09 17:45:10.062',3,9,'FM01LQ3',211,403.21,3,'2023-03-11','2023-03-11',23),
	 (753,'2023-03-22 16:43:10.505','2023-03-22 16:43:10.505',11,12,'8DC68TH',773,169.59,3,'2023-03-26','2023-03-27',3),
	 (757,'2023-03-23 09:23:09.825','2023-03-23 09:23:09.825',3,6,'841RMRE',393,568.18,3,'2023-03-25','2023-03-24',20),
	 (1255,'2023-06-08 08:09:09.763','2023-06-08 08:09:09.763',12,9,'QKBZAVM',147,603.92,3,'2023-06-11','2023-06-11',20),
	 (835,'2023-04-04 18:39:10.165','2023-04-04 18:39:10.165',3,10,'4YHKUHQ',480,730.73,3,'2023-04-05','2023-04-07',13),
	 (1023,'2023-05-04 10:25:10.465','2023-05-04 10:25:10.465',3,14,'KISTLOP',223,168.69,3,'2023-05-05','2023-05-09',30),
	 (1122,'2023-05-18 14:09:09.802','2023-05-18 14:09:09.802',11,13,'BKBRD3J',661,222.10,3,'2023-05-21','2023-05-22',30),
	 (1155,'2023-05-23 08:52:10.116','2023-05-23 08:52:10.116',16,12,'HBH6YTQ',124,317.76,3,'2023-05-25','2023-05-25',10);
INSERT INTO public.purchase_order (purchase_order_id,created_at,last_updated,staff_id,counterparty_id,item_code,item_quantity,item_unit_price,currency_id,agreed_delivery_date,agreed_payment_date,agreed_delivery_location_id) VALUES
	 (1102,'2023-05-15 15:55:09.771','2023-05-15 15:55:09.771',3,9,'1S47EEK',626,760.83,3,'2023-05-22','2023-05-21',3),
	 (1213,'2023-05-31 14:21:09.725','2023-05-31 14:21:09.725',16,12,'CGJRPA8',487,445.17,3,'2023-06-07','2023-05-31',13),
	 (1337,'2023-06-20 08:09:09.677','2023-06-20 08:09:09.677',11,9,'V7AECS2',903,584.83,3,'2023-06-24','2023-06-24',23),
	 (1740,'2023-08-21 12:08:09.69','2023-08-21 12:08:09.69',3,14,'W4TI34E',727,91.64,3,'2023-08-28','2023-08-22',7),
	 (1815,'2023-08-31 12:36:09.92','2023-08-31 12:36:09.92',12,12,'5QYFGT2',180,740.46,3,'2023-09-04','2023-09-06',30),
	 (2014,'2023-09-29 11:21:10.304','2023-09-29 11:21:10.304',16,10,'R6S5BT9',314,188.37,3,'2023-10-06','2023-10-04',5),
	 (2063,'2023-10-06 08:52:09.77','2023-10-06 08:52:09.77',16,13,'JWEBLH4',233,69.89,3,'2023-10-12','2023-10-07',10),
	 (2200,'2023-10-30 12:33:10.067','2023-10-30 12:33:10.067',11,9,'4XQUDQG',715,880.27,3,'2023-10-31','2023-11-02',3),
	 (2270,'2023-11-09 14:14:09.898','2023-11-09 14:14:09.898',12,12,'M67E8DP',408,105.48,3,'2023-11-15','2023-11-15',23),
	 (2359,'2023-11-22 15:04:09.816','2023-11-22 15:04:09.816',13,12,'YLZ3YXM',209,238.50,3,'2023-11-29','2023-11-24',13);
INSERT INTO public.purchase_order (purchase_order_id,created_at,last_updated,staff_id,counterparty_id,item_code,item_quantity,item_unit_price,currency_id,agreed_delivery_date,agreed_payment_date,agreed_delivery_location_id) VALUES
	 (2536,'2023-12-19 16:32:10.113','2023-12-19 16:32:10.113',16,10,'69C7NN8',665,917.72,3,'2023-12-24','2023-12-25',3),
	 (2657,'2024-01-08 09:35:10.096','2024-01-08 09:35:10.096',2,12,'44YIVW3',946,181.51,3,'2024-01-13','2024-01-10',30),
	 (2792,'2024-01-30 15:08:09.733','2024-01-30 15:08:09.733',13,10,'ND7OMEL',152,38.52,3,'2024-02-03','2024-02-04',23);
INSERT INTO public.sales_order (sales_order_id,created_at,last_updated,design_id,staff_id,counterparty_id,units_sold,unit_price,currency_id,agreed_delivery_date,agreed_payment_date,agreed_delivery_location_id) VALUES
	 (152,'2022-12-21 16:08:10.029','2022-12-21 16:08:10.029',37,12,10,97564,2.92,3,'2022-12-26','2022-12-22',30),
	 (734,'2023-02-08 08:43:10.014','2023-02-08 08:43:10.014',19,2,10,56384,2.56,3,'2023-02-13','2023-02-09',5),
	 (1822,'2023-04-18 09:57:09.789','2023-04-18 09:57:09.789',17,13,6,6117,2.80,3,'2023-04-24','2023-04-18',30),
	 (2142,'2023-05-05 16:30:09.638','2023-05-05 16:30:09.638',122,3,13,32594,2.14,3,'2023-05-08','2023-05-10',7),
	 (2178,'2023-05-09 14:34:09.712','2023-05-09 14:34:09.712',52,11,9,29805,3.75,3,'2023-05-15','2023-05-10',3),
	 (3867,'2023-08-23 16:21:09.955','2023-08-23 16:21:09.955',23,13,10,51384,2.25,3,'2023-08-29','2023-08-27',10),
	 (4218,'2023-09-13 12:26:10.102','2023-09-13 12:26:10.102',154,12,10,25616,2.50,3,'2023-09-18','2023-09-16',23),
	 (4610,'2023-10-05 13:56:09.733','2023-10-05 13:56:09.733',196,11,10,48655,3.86,3,'2023-10-12','2023-10-10',30),
	 (5115,'2023-11-07 13:28:10.056','2023-11-07 13:28:10.056',167,2,10,61308,3.00,3,'2023-11-14','2023-11-12',30),
	 (5809,'2023-12-20 10:51:10.511','2023-12-20 10:51:10.511',97,3,13,50127,3.59,3,'2023-12-23','2023-12-21',5);
INSERT INTO public.sales_order (sales_order_id,created_at,last_updated,design_id,staff_id,counterparty_id,units_sold,unit_price,currency_id,agreed_delivery_date,agreed_payment_date,agreed_delivery_location_id) VALUES
	 (6332,'2024-01-18 08:08:09.967','2024-01-18 08:08:09.967',22,2,13,46054,3.37,3,'2024-01-19','2024-01-23',30),
	 (6438,'2024-01-24 15:59:09.867','2024-01-24 15:59:09.867',47,13,10,62373,3.33,3,'2024-01-27','2024-01-25',13),
	 (6562,'2024-01-31 17:51:09.858','2024-01-31 17:51:09.858',243,2,14,15547,2.98,3,'2024-02-06','2024-02-05',23);
INSERT INTO public.staff (staff_id,first_name,last_name,department_id,email_address,created_at,last_updated) VALUES
	 (2,'Deron','Beier',6,'deron.beier@terrifictotes.com','2022-11-03 14:20:51.563','2022-11-03 14:20:51.563'),
	 (3,'Jeanette','Erdman',6,'jeanette.erdman@terrifictotes.com','2022-11-03 14:20:51.563','2022-11-03 14:20:51.563'),
	 (11,'Meda','Cremin',5,'meda.cremin@terrifictotes.com','2022-11-03 14:20:51.563','2022-11-03 14:20:51.563'),
	 (12,'Imani','Walker',5,'imani.walker@terrifictotes.com','2022-11-03 14:20:51.563','2022-11-03 14:20:51.563'),
	 (13,'Stan','Lehner',4,'stan.lehner@terrifictotes.com','2022-11-03 14:20:51.563','2022-11-03 14:20:51.563'),
	 (16,'Jett','Parisian',6,'jett.parisian@terrifictotes.com','2022-11-03 14:20:51.563','2022-11-03 14:20:51.563');
INSERT INTO public."transaction" (transaction_id,transaction_type,sales_order_id,purchase_order_id,created_at,last_updated) VALUES
	 (60,'PURCHASE',NULL,35,'2022-11-21 08:50:10.292','2022-11-21 08:50:10.292'),
	 (92,'PURCHASE',NULL,56,'2022-11-29 10:24:10.405','2022-11-29 10:24:10.405'),
	 (151,'PURCHASE',NULL,87,'2022-12-09 12:50:09.993','2022-12-09 12:50:09.993'),
	 (203,'PURCHASE',NULL,112,'2022-12-14 13:16:10.432','2022-12-14 13:16:10.432'),
	 (297,'PURCHASE',NULL,149,'2022-12-21 11:07:10.047','2022-12-21 11:07:10.047'),
	 (302,'SALE',152,NULL,'2022-12-21 16:08:10.029','2022-12-21 16:08:10.029'),
	 (383,'PURCHASE',NULL,188,'2022-12-27 16:39:09.855','2022-12-27 16:39:09.855'),
	 (525,'PURCHASE',NULL,249,'2023-01-06 11:43:10.338','2023-01-06 11:43:10.338'),
	 (612,'PURCHASE',NULL,286,'2023-01-12 11:02:10.37','2023-01-12 11:02:10.37'),
	 (1185,'SALE',734,NULL,'2023-02-08 08:43:10.014','2023-02-08 08:43:10.014');
INSERT INTO public."transaction" (transaction_id,transaction_type,sales_order_id,purchase_order_id,created_at,last_updated) VALUES
	 (1404,'PURCHASE',NULL,519,'2023-02-16 16:23:09.979','2023-02-16 16:23:09.979'),
	 (1461,'PURCHASE',NULL,534,'2023-02-20 11:52:09.881','2023-02-20 11:52:09.881'),
	 (1550,'PURCHASE',NULL,564,'2023-02-23 09:24:09.98','2023-02-23 09:24:09.98'),
	 (1702,'PURCHASE',NULL,608,'2023-03-02 17:46:09.713','2023-03-02 17:46:09.713'),
	 (1890,'PURCHASE',NULL,667,'2023-03-09 17:45:10.062','2023-03-09 17:45:10.062'),
	 (2174,'PURCHASE',NULL,753,'2023-03-22 16:43:10.505','2023-03-22 16:43:10.505'),
	 (2185,'PURCHASE',NULL,757,'2023-03-23 09:23:09.825','2023-03-23 09:23:09.825'),
	 (2435,'PURCHASE',NULL,835,'2023-04-04 18:39:10.165','2023-04-04 18:39:10.165'),
	 (2744,'SALE',1822,NULL,'2023-04-18 09:57:09.789','2023-04-18 09:57:09.789'),
	 (3122,'PURCHASE',NULL,1023,'2023-05-04 10:25:10.465','2023-05-04 10:25:10.465');
INSERT INTO public."transaction" (transaction_id,transaction_type,sales_order_id,purchase_order_id,created_at,last_updated) VALUES
	 (3180,'SALE',2142,NULL,'2023-05-05 16:30:09.638','2023-05-05 16:30:09.638'),
	 (3236,'SALE',2178,NULL,'2023-05-09 14:34:09.712','2023-05-09 14:34:09.712'),
	 (3392,'PURCHASE',NULL,1102,'2023-05-15 15:55:09.771','2023-05-15 15:55:09.771'),
	 (3468,'PURCHASE',NULL,1122,'2023-05-18 14:09:09.802','2023-05-18 14:09:09.802'),
	 (3544,'PURCHASE',NULL,1155,'2023-05-23 08:52:10.116','2023-05-23 08:52:10.116'),
	 (3732,'PURCHASE',NULL,1213,'2023-05-31 14:21:09.725','2023-05-31 14:21:09.725'),
	 (3910,'PURCHASE',NULL,1255,'2023-06-08 08:09:09.763','2023-06-08 08:09:09.763'),
	 (4170,'PURCHASE',NULL,1337,'2023-06-20 08:09:09.677','2023-06-20 08:09:09.677'),
	 (5562,'PURCHASE',NULL,1740,'2023-08-21 12:08:09.69','2023-08-21 12:08:09.69'),
	 (5626,'SALE',3867,NULL,'2023-08-23 16:21:09.955','2023-08-23 16:21:09.955');
INSERT INTO public."transaction" (transaction_id,transaction_type,sales_order_id,purchase_order_id,created_at,last_updated) VALUES
	 (5815,'PURCHASE',NULL,1815,'2023-08-31 12:36:09.92','2023-08-31 12:36:09.92'),
	 (6111,'SALE',4218,NULL,'2023-09-13 12:26:10.102','2023-09-13 12:26:10.102'),
	 (6520,'PURCHASE',NULL,2014,'2023-09-29 11:21:10.304','2023-09-29 11:21:10.304'),
	 (6667,'SALE',4610,NULL,'2023-10-05 13:56:09.733','2023-10-05 13:56:09.733'),
	 (6686,'PURCHASE',NULL,2063,'2023-10-06 08:52:09.77','2023-10-06 08:52:09.77'),
	 (7186,'PURCHASE',NULL,2200,'2023-10-30 12:33:10.067','2023-10-30 12:33:10.067'),
	 (7369,'SALE',5115,NULL,'2023-11-07 13:28:10.056','2023-11-07 13:28:10.056'),
	 (7423,'PURCHASE',NULL,2270,'2023-11-09 14:14:09.898','2023-11-09 14:14:09.898'),
	 (7695,'PURCHASE',NULL,2359,'2023-11-22 15:04:09.816','2023-11-22 15:04:09.816'),
	 (8335,'PURCHASE',NULL,2536,'2023-12-19 16:32:10.113','2023-12-19 16:32:10.113');
INSERT INTO public."transaction" (transaction_id,transaction_type,sales_order_id,purchase_order_id,created_at,last_updated) VALUES
	 (8350,'SALE',5809,NULL,'2023-12-20 10:51:10.511','2023-12-20 10:51:10.511'),
	 (8807,'PURCHASE',NULL,2657,'2024-01-08 09:35:10.096','2024-01-08 09:35:10.096'),
	 (9049,'SALE',6332,NULL,'2024-01-18 08:08:09.967','2024-01-18 08:08:09.967'),
	 (9188,'SALE',6438,NULL,'2024-01-24 15:59:09.867','2024-01-24 15:59:09.867'),
	 (9316,'PURCHASE',NULL,2792,'2024-01-30 15:08:09.733','2024-01-30 15:08:09.733'),
	 (9363,'SALE',6562,NULL,'2024-01-31 17:51:09.858','2024-01-31 17:51:09.858');



ALTER TABLE "sales_order" ADD FOREIGN KEY ("design_id") REFERENCES "design" ("design_id");

ALTER TABLE "sales_order" ADD FOREIGN KEY ("staff_id") REFERENCES "staff" ("staff_id");

ALTER TABLE "sales_order" ADD FOREIGN KEY ("counterparty_id") REFERENCES "counterparty" ("counterparty_id");

ALTER TABLE "sales_order" ADD FOREIGN KEY ("currency_id") REFERENCES "currency" ("currency_id");

ALTER TABLE "sales_order" ADD FOREIGN KEY ("agreed_delivery_location_id") REFERENCES "address" ("address_id");

ALTER TABLE "staff" ADD FOREIGN KEY ("department_id") REFERENCES "department" ("department_id");

ALTER TABLE "counterparty" ADD FOREIGN KEY ("legal_address_id") REFERENCES "address" ("address_id");

ALTER TABLE "purchase_order" ADD FOREIGN KEY ("staff_id") REFERENCES "staff" ("staff_id");

ALTER TABLE "purchase_order" ADD FOREIGN KEY ("counterparty_id") REFERENCES "counterparty" ("counterparty_id");

ALTER TABLE "purchase_order" ADD FOREIGN KEY ("currency_id") REFERENCES "currency" ("currency_id");

ALTER TABLE "purchase_order" ADD FOREIGN KEY ("agreed_delivery_location_id") REFERENCES "address" ("address_id");

ALTER TABLE "payment" ADD FOREIGN KEY ("transaction_id") REFERENCES "transaction" ("transaction_id");

ALTER TABLE "payment" ADD FOREIGN KEY ("counterparty_id") REFERENCES "counterparty" ("counterparty_id");

ALTER TABLE "payment" ADD FOREIGN KEY ("currency_id") REFERENCES "currency" ("currency_id");

ALTER TABLE "payment" ADD FOREIGN KEY ("payment_type_id") REFERENCES "payment_type" ("payment_type_id");

ALTER TABLE "transaction" ADD FOREIGN KEY ("sales_order_id") REFERENCES "sales_order" ("sales_order_id");

ALTER TABLE "transaction" ADD FOREIGN KEY ("purchase_order_id") REFERENCES "purchase_order" ("purchase_order_id");